{"_runtime":427,"train_accuracy":88.68055555555556,"_wandb":{"runtime":427},"epoch":47,"train_loss":0.31572211119863725,"_step":52,"_timestamp":1.7690073651589394e+09,"val_loss":0.753843042999506,"swa_val_accuracy":76.38888888888889,"val_accuracy":79.16666666666666,"swa_val_loss":0.6894871890544891}